"5","30-49 YEARS","2000-12-31","52","8260","83976348.0000","0.9836"
"5","30-49 YEARS","2001-01-07","1","7660","83976348.0000","0.9122"
"5","30-49 YEARS","2001-01-14","2","8400","83976348.0000","1.0003"
"5","30-49 YEARS","2001-01-21","3","8840","83976348.0000","1.0527"
"5","30-49 YEARS","2001-01-28","4","8520","83976348.0000","1.0146"
"5","30-49 YEARS","2001-02-04","5","7940","83976348.0000","0.9455"
"5","30-49 YEARS","2001-02-11","6","6720","83976348.0000","0.8002"
"5","30-49 YEARS","2001-02-18","7","5820","83976348.0000","0.6931"
"5","30-49 YEARS","2001-02-25","8","4680","83976348.0000","0.5573"
"5","30-49 YEARS","2001-03-04","9","3580","83976348.0000","0.4263"
"5","30-49 YEARS","2001-03-11","10","3920","83976348.0000","0.4668"
"5","30-49 YEARS","2001-03-18","11","3320","83976348.0000","0.3953"
"5","30-49 YEARS","2001-03-25","12","2980","83976348.0000","0.3549"
"5","30-49 YEARS","2001-04-01","13","2400","83976348.0000","0.2858"
"5","30-49 YEARS","2001-04-08","14","2580","83976348.0000","0.3072"
"5","30-49 YEARS","2001-04-15","15","2420","83976348.0000","0.2882"
"5","30-49 YEARS","2001-04-22","16","2340","83976348.0000","0.2786"
"5","30-49 YEARS","2001-04-29","17","2100","83976348.0000","0.2501"
"5","30-49 YEARS","2001-05-06","18","2320","83976348.0000","0.2763"
"5","30-49 YEARS","2001-05-13","19","2080","83976348.0000","0.2477"
"5","30-49 YEARS","2001-05-20","20","2200","83976348.0000","0.2620"
"5","30-49 YEARS","2001-05-27","21","2360","83976348.0000","0.2810"
"5","30-49 YEARS","2001-06-03","22","1860","83976348.0000","0.2215"
"5","30-49 YEARS","2001-06-10","23","2040","83976348.0000","0.2429"
"5","30-49 YEARS","2001-06-17","24","2120","83976348.0000","0.2525"
"5","30-49 YEARS","2001-06-24","25","1620","83976348.0000","0.1929"
"5","30-49 YEARS","2001-07-01","26","1860","83976348.0000","0.2215"
"5","30-49 YEARS","2001-07-08","27","2440","83976348.0000","0.2906"
"5","30-49 YEARS","2001-07-15","28","1920","83976348.0000","0.2286"
"5","30-49 YEARS","2001-07-22","29","2120","83976348.0000","0.2525"
"5","30-49 YEARS","2001-07-29","30","2460","83976348.0000","0.2929"
"5","30-49 YEARS","2001-08-05","31","2180","83976348.0000","0.2596"
"5","30-49 YEARS","2001-08-12","32","2500","83976348.0000","0.2977"
"5","30-49 YEARS","2001-08-19","33","2200","83976348.0000","0.2620"
"5","30-49 YEARS","2001-08-26","34","2260","83976348.0000","0.2691"
"5","30-49 YEARS","2001-09-02","35","2960","83976348.0000","0.3525"
"5","30-49 YEARS","2001-09-09","36","3140","83976348.0000","0.3739"
"5","30-49 YEARS","2001-09-16","37","2780","83976348.0000","0.3310"
"5","30-49 YEARS","2001-09-23","38","3100","83976348.0000","0.3692"
"5","30-49 YEARS","2001-09-30","39","2560","83976348.0000","0.3048"
"5","30-49 YEARS","2001-10-07","40","4140","83976348.0000","0.4930"
"5","30-49 YEARS","2001-10-14","41","5060","83976348.0000","0.6026"
"5","30-49 YEARS","2001-10-21","42","5200","83976348.0000","0.6192"
"5","30-49 YEARS","2001-10-28","43","5240","83976348.0000","0.6240"
"5","30-49 YEARS","2001-11-04","44","4940","83976348.0000","0.5883"
"5","30-49 YEARS","2001-11-11","45","4040","83976348.0000","0.4811"
"5","30-49 YEARS","2001-11-18","46","3860","83976348.0000","0.4597"
"5","30-49 YEARS","2001-11-25","47","4180","83976348.0000","0.4978"
"5","30-49 YEARS","2001-12-02","48","4120","83976348.0000","0.4906"
"5","30-49 YEARS","2001-12-09","49","4100","83976348.0000","0.4882"
"5","30-49 YEARS","2001-12-16","50","4180","83976348.0000","0.4978"
"5","30-49 YEARS","2001-12-23","51","7200","83976348.0000","0.8574"
"5","30-49 YEARS","2001-12-30","52","7480","83976348.0000","0.8907"
"5","30-49 YEARS","2002-01-06","1","7720","83976348.0000","0.9193"
"5","30-49 YEARS","2002-01-13","2","9460","83976348.0000","1.1265"
"5","30-49 YEARS","2002-01-20","3","12220","83976348.0000","1.4552"
"5","30-49 YEARS","2002-01-27","4","13080","83976348.0000","1.5576"
"5","30-49 YEARS","2002-02-03","5","10740","83976348.0000","1.2789"
"5","30-49 YEARS","2002-02-10","6","13400","83976348.0000","1.5957"
"5","30-49 YEARS","2002-02-17","7","13680","83976348.0000","1.6290"
"5","30-49 YEARS","2002-02-24","8","10260","83976348.0000","1.2218"
"5","30-49 YEARS","2002-03-03","9","9540","83976348.0000","1.1360"
"5","30-49 YEARS","2002-03-10","10","7240","83976348.0000","0.8621"
"5","30-49 YEARS","2002-03-17","11","6060","83976348.0000","0.7216"
"5","30-49 YEARS","2002-03-24","12","5000","83976348.0000","0.5954"
"5","30-49 YEARS","2002-03-31","13","5740","83976348.0000","0.6835"
"5","30-49 YEARS","2002-04-07","14","4500","83976348.0000","0.5359"
"5","30-49 YEARS","2002-04-14","15","3460","83976348.0000","0.4120"
"5","30-49 YEARS","2002-04-21","16","3660","83976348.0000","0.4358"
"5","30-49 YEARS","2002-04-28","17","3200","83976348.0000","0.3811"
"5","30-49 YEARS","2002-05-05","18","2920","83976348.0000","0.3477"
"5","30-49 YEARS","2002-05-12","19","3800","83976348.0000","0.4525"
"5","30-49 YEARS","2002-05-19","20","3120","83976348.0000","0.3715"
"5","30-49 YEARS","2002-05-26","21","3340","83976348.0000","0.3977"
"5","30-49 YEARS","2002-06-02","22","3080","83976348.0000","0.3668"
"5","30-49 YEARS","2002-06-09","23","2420","83976348.0000","0.2882"
"5","30-49 YEARS","2002-06-16","24","2280","83976348.0000","0.2715"
"5","30-49 YEARS","2002-06-23","25","1880","83976348.0000","0.2239"
"5","30-49 YEARS","2002-06-30","26","1780","83976348.0000","0.2120"
"5","30-49 YEARS","2002-07-07","27","2260","83976348.0000","0.2691"
"5","30-49 YEARS","2002-07-14","28","2580","83976348.0000","0.3072"
"5","30-49 YEARS","2002-07-21","29","3120","83976348.0000","0.3715"
"5","30-49 YEARS","2002-07-28","30","3320","83976348.0000","0.3953"
"5","30-49 YEARS","2002-08-04","31","3380","83976348.0000","0.4025"
"5","30-49 YEARS","2002-08-11","32","3840","83976348.0000","0.4573"
"5","30-49 YEARS","2002-08-18","33","4620","83976348.0000","0.5502"
"5","30-49 YEARS","2002-08-25","34","4600","83976348.0000","0.5478"
"5","30-49 YEARS","2002-09-01","35","5140","83976348.0000","0.6121"
"5","30-49 YEARS","2002-09-08","36","4500","83976348.0000","0.5359"
"5","30-49 YEARS","2002-09-15","37","3740","83976348.0000","0.4454"
"5","30-49 YEARS","2002-09-22","38","3880","83976348.0000","0.4620"
"5","30-49 YEARS","2002-09-29","39","4000","83976348.0000","0.4763"
"5","30-49 YEARS","2002-10-06","40","3760","83976348.0000","0.4477"
"5","30-49 YEARS","2002-10-13","41","3900","83976348.0000","0.4644"
"5","30-49 YEARS","2002-10-20","42","4020","83976348.0000","0.4787"
"5","30-49 YEARS","2002-10-27","43","3980","83976348.0000","0.4739"
"5","30-49 YEARS","2002-11-03","44","4220","83976348.0000","0.5025"
"5","30-49 YEARS","2002-11-10","45","4540","83976348.0000","0.5406"
"5","30-49 YEARS","2002-11-17","46","4560","83976348.0000","0.5430"
"5","30-49 YEARS","2002-11-24","47","5900","83976348.0000","0.7026"
"5","30-49 YEARS","2002-12-01","48","4960","83976348.0000","0.5906"
"5","30-49 YEARS","2002-12-08","49","5160","83976348.0000","0.6145"
"5","30-49 YEARS","2002-12-15","50","5780","83976348.0000","0.6883"
"5","30-49 YEARS","2002-12-22","51","7480","83976348.0000","0.8907"
"5","30-49 YEARS","2002-12-29","52","8800","83976348.0000","1.0479"
"5","30-49 YEARS","2003-01-05","1","6200","83976348.0000","0.7383"
"5","30-49 YEARS","2003-01-12","2","5560","83976348.0000","0.6621"
"5","30-49 YEARS","2003-01-19","3","6460","83976348.0000","0.7693"
"5","30-49 YEARS","2003-01-26","4","7860","83976348.0000","0.9360"
"5","30-49 YEARS","2003-02-02","5","9180","83976348.0000","1.0932"
"5","30-49 YEARS","2003-02-09","6","10900","83976348.0000","1.2980"
"5","30-49 YEARS","2003-02-16","7","10640","83976348.0000","1.2670"
"5","30-49 YEARS","2003-02-23","8","9360","83976348.0000","1.1146"
"5","30-49 YEARS","2003-03-02","9","8820","83976348.0000","1.0503"
"5","30-49 YEARS","2003-03-09","10","8180","83976348.0000","0.9741"
"5","30-49 YEARS","2003-03-16","11","8320","83976348.0000","0.9908"
"5","30-49 YEARS","2003-03-23","12","6440","83976348.0000","0.7669"
"5","30-49 YEARS","2003-03-30","13","5980","83976348.0000","0.7121"
"5","30-49 YEARS","2003-04-06","14","5920","83976348.0000","0.7050"
"5","30-49 YEARS","2003-04-13","15","5400","83976348.0000","0.6430"
"5","30-49 YEARS","2003-04-20","16","5580","83976348.0000","0.6645"
"5","30-49 YEARS","2003-04-27","17","4140","83976348.0000","0.4930"
"5","30-49 YEARS","2003-05-04","18","3500","83976348.0000","0.4168"
"5","30-49 YEARS","2003-05-11","19","4360","83976348.0000","0.5192"
"5","30-49 YEARS","2003-05-18","20","4160","83976348.0000","0.4954"
"5","30-49 YEARS","2003-05-25","21","4040","83976348.0000","0.4811"
"5","30-49 YEARS","2003-06-01","22","2840","83976348.0000","0.3382"
"5","30-49 YEARS","2003-06-08","23","3420","83976348.0000","0.4073"
"5","30-49 YEARS","2003-06-15","24","3140","83976348.0000","0.3739"
"5","30-49 YEARS","2003-06-22","25","3780","83976348.0000","0.4501"
"5","30-49 YEARS","2003-06-29","26","3740","83976348.0000","0.4454"
"5","30-49 YEARS","2003-07-06","27","4340","83976348.0000","0.5168"
"5","30-49 YEARS","2003-07-13","28","3600","83976348.0000","0.4287"
"5","30-49 YEARS","2003-07-20","29","3900","83976348.0000","0.4644"
"5","30-49 YEARS","2003-07-27","30","3900","83976348.0000","0.4644"
"5","30-49 YEARS","2003-08-03","31","4400","83976348.0000","0.5240"
"5","30-49 YEARS","2003-08-10","32","4900","83976348.0000","0.5835"
"5","30-49 YEARS","2003-08-17","33","4740","83976348.0000","0.5644"
"5","30-49 YEARS","2003-08-24","34","5100","83976348.0000","0.6073"
"5","30-49 YEARS","2003-08-31","35","5280","83976348.0000","0.6287"
"5","30-49 YEARS","2003-09-07","36","5720","83976348.0000","0.6811"
"5","30-49 YEARS","2003-09-14","37","5780","83976348.0000","0.6883"
"5","30-49 YEARS","2003-09-21","38","5180","83976348.0000","0.6168"
"5","30-49 YEARS","2003-09-28","39","5340","83976348.0000","0.6359"
"5","30-49 YEARS","2003-10-05","40","5680","83976348.0000","0.6764"
"5","30-49 YEARS","2003-10-12","41","5700","83976348.0000","0.6788"
"5","30-49 YEARS","2003-10-19","42","5760","83976348.0000","0.6859"
"5","30-49 YEARS","2003-10-26","43","6740","83976348.0000","0.8026"
"5","30-49 YEARS","2003-11-02","44","6820","83976348.0000","0.8121"
"5","30-49 YEARS","2003-11-09","45","9040","83976348.0000","1.0765"
"5","30-49 YEARS","2003-11-16","46","11660","83976348.0000","1.3885"
"5","30-49 YEARS","2003-11-23","47","17560","83976348.0000","2.0911"
"5","30-49 YEARS","2003-11-30","48","27280","83976348.0000","3.2485"
"5","30-49 YEARS","2003-12-07","49","38780","83976348.0000","4.6180"
"5","30-49 YEARS","2003-12-14","50","44640","83976348.0000","5.3158"
"5","30-49 YEARS","2003-12-21","51","49280","83976348.0000","5.8683"
"5","30-49 YEARS","2003-12-28","52","36620","83976348.0000","4.3608"
"5","30-49 YEARS","2004-01-04","1","17580","83976348.0000","2.0934"
"5","30-49 YEARS","2004-01-11","2","10580","83976348.0000","1.2599"
"5","30-49 YEARS","2004-01-18","3","8520","83976348.0000","1.0146"
"5","30-49 YEARS","2004-01-25","4","7020","83976348.0000","0.8359"
"5","30-49 YEARS","2004-02-01","5","6980","83976348.0000","0.8312"
"5","30-49 YEARS","2004-02-08","6","6620","83976348.0000","0.7883"
"5","30-49 YEARS","2004-02-15","7","7320","83976348.0000","0.8717"
"5","30-49 YEARS","2004-02-22","8","6280","83976348.0000","0.7478"
"5","30-49 YEARS","2004-02-29","9","7120","83976348.0000","0.8479"
"5","30-49 YEARS","2004-03-07","10","6240","83976348.0000","0.7431"
"5","30-49 YEARS","2004-03-14","11","6560","83976348.0000","0.7812"
"5","30-49 YEARS","2004-03-21","12","7180","83976348.0000","0.8550"
"5","30-49 YEARS","2004-03-28","13","5380","83976348.0000","0.6407"
"5","30-49 YEARS","2004-04-04","14","6040","83976348.0000","0.7193"
"5","30-49 YEARS","2004-04-11","15","5020","83976348.0000","0.5978"
"5","30-49 YEARS","2004-04-18","16","5380","83976348.0000","0.6407"
"5","30-49 YEARS","2004-04-25","17","5120","83976348.0000","0.6097"
"5","30-49 YEARS","2004-05-02","18","5160","83976348.0000","0.6145"
"5","30-49 YEARS","2004-05-09","19","4840","83976348.0000","0.5764"
"5","30-49 YEARS","2004-05-16","20","5060","83976348.0000","0.6026"
"5","30-49 YEARS","2004-05-23","21","4960","83976348.0000","0.5906"
"5","30-49 YEARS","2004-05-30","22","5640","83976348.0000","0.6716"
"5","30-49 YEARS","2004-06-06","23","5040","83976348.0000","0.6002"
"5","30-49 YEARS","2004-06-13","24","5160","83976348.0000","0.6145"
"5","30-49 YEARS","2004-06-20","25","5160","83976348.0000","0.6145"
"5","30-49 YEARS","2004-06-27","26","4660","83976348.0000","0.5549"
"5","30-49 YEARS","2004-07-04","27","5100","83976348.0000","0.6073"
"5","30-49 YEARS","2004-07-11","28","4940","83976348.0000","0.5883"
"5","30-49 YEARS","2004-07-18","29","4600","83976348.0000","0.5478"
"5","30-49 YEARS","2004-07-25","30","5420","83976348.0000","0.6454"
"5","30-49 YEARS","2004-08-01","31","5320","83976348.0000","0.6335"
"5","30-49 YEARS","2004-08-08","32","4700","83976348.0000","0.5597"
"5","30-49 YEARS","2004-08-15","33","5920","83976348.0000","0.7050"
"5","30-49 YEARS","2004-08-22","34","5020","83976348.0000","0.5978"
"5","30-49 YEARS","2004-08-29","35","5340","83976348.0000","0.6359"
"5","30-49 YEARS","2004-09-05","36","6560","83976348.0000","0.7812"
"5","30-49 YEARS","2004-09-12","37","6140","83976348.0000","0.7312"
"5","30-49 YEARS","2004-09-19","38","6260","83976348.0000","0.7454"
"5","30-49 YEARS","2004-09-26","39","5980","83976348.0000","0.7121"
"5","30-49 YEARS","2004-10-03","40","6660","83976348.0000","0.7931"
"5","30-49 YEARS","2004-10-10","41","7220","83976348.0000","0.8598"
"5","30-49 YEARS","2004-10-17","42","6340","83976348.0000","0.7550"
"5","30-49 YEARS","2004-10-24","43","7560","83976348.0000","0.9003"
"5","30-49 YEARS","2004-10-31","44","7420","83976348.0000","0.8836"
"5","30-49 YEARS","2004-11-07","45","8440","83976348.0000","1.0050"
"5","30-49 YEARS","2004-11-14","46","8040","83976348.0000","0.9574"
"5","30-49 YEARS","2004-11-21","47","8220","83976348.0000","0.9788"
"5","30-49 YEARS","2004-11-28","48","9260","83976348.0000","1.1027"
"5","30-49 YEARS","2004-12-05","49","9820","83976348.0000","1.1694"
"5","30-49 YEARS","2004-12-12","50","10340","83976348.0000","1.2313"
"5","30-49 YEARS","2004-12-19","51","13060","83976348.0000","1.5552"
"5","30-49 YEARS","2004-12-26","52","19700","83976348.0000","2.3459"
"5","30-49 YEARS","2005-01-02","53","19720","83976348.0000","2.3483"
"5","30-49 YEARS","2005-01-09","1","16720","83976348.0000","1.9910"
"5","30-49 YEARS","2005-01-16","2","19820","83976348.0000","2.3602"
"5","30-49 YEARS","2005-01-23","3","25420","83976348.0000","3.0270"
"5","30-49 YEARS","2005-01-30","4","31860","83976348.0000","3.7939"
"5","30-49 YEARS","2005-02-06","5","40360","83976348.0000","4.8061"
"5","30-49 YEARS","2005-02-13","6","45780","83976348.0000","5.4515"
"5","30-49 YEARS","2005-02-20","7","43700","83976348.0000","5.2038"
"5","30-49 YEARS","2005-02-27","8","33400","83976348.0000","3.9773"
"5","30-49 YEARS","2005-03-06","9","29460","83976348.0000","3.5081"
"5","30-49 YEARS","2005-03-13","10","25740","83976348.0000","3.0651"
"5","30-49 YEARS","2005-03-20","11","24180","83976348.0000","2.8794"
"5","30-49 YEARS","2005-03-27","12","19000","83976348.0000","2.2625"
"5","30-49 YEARS","2005-04-03","13","14080","83976348.0000","1.6767"
"5","30-49 YEARS","2005-04-10","14","9660","83976348.0000","1.1503"
"5","30-49 YEARS","2005-04-17","15","9260","83976348.0000","1.1027"
"5","30-49 YEARS","2005-04-24","16","8580","83976348.0000","1.0217"
"5","30-49 YEARS","2005-05-01","17","7600","83976348.0000","0.9050"
"5","30-49 YEARS","2005-05-08","18","7780","83976348.0000","0.9265"
"5","30-49 YEARS","2005-05-15","19","6840","83976348.0000","0.8145"
"5","30-49 YEARS","2005-05-22","20","7460","83976348.0000","0.8883"
"5","30-49 YEARS","2005-05-29","21","8020","83976348.0000","0.9550"
"5","30-49 YEARS","2005-06-05","22","6980","83976348.0000","0.8312"
"5","30-49 YEARS","2005-06-12","23","6340","83976348.0000","0.7550"
"5","30-49 YEARS","2005-06-19","24","6500","83976348.0000","0.7740"
"5","30-49 YEARS","2005-06-26","25","6160","83976348.0000","0.7335"
"5","30-49 YEARS","2005-07-03","26","6320","83976348.0000","0.7526"
"5","30-49 YEARS","2005-07-10","27","6260","83976348.0000","0.7454"
"5","30-49 YEARS","2005-07-17","28","6780","83976348.0000","0.8074"
"5","30-49 YEARS","2005-07-24","29","5800","83976348.0000","0.6907"
"5","30-49 YEARS","2005-07-31","30","6700","83976348.0000","0.7978"
"5","30-49 YEARS","2005-08-07","31","7100","83976348.0000","0.8455"
"5","30-49 YEARS","2005-08-14","32","6500","83976348.0000","0.7740"
"5","30-49 YEARS","2005-08-21","33","6760","83976348.0000","0.8050"
"5","30-49 YEARS","2005-08-28","34","6720","83976348.0000","0.8002"
"5","30-49 YEARS","2005-09-04","35","7840","83976348.0000","0.9336"
"5","30-49 YEARS","2005-09-11","36","7280","83976348.0000","0.8669"
"5","30-49 YEARS","2005-09-18","37","7300","83976348.0000","0.8693"
"5","30-49 YEARS","2005-09-25","38","7700","83976348.0000","0.9169"
"5","30-49 YEARS","2005-10-02","39","8320","83976348.0000","0.9908"
"5","30-49 YEARS","2005-10-09","40","7940","83976348.0000","0.9455"
"5","30-49 YEARS","2005-10-16","41","8640","83976348.0000","1.0289"
"5","30-49 YEARS","2005-10-23","42","8420","83976348.0000","1.0027"
"5","30-49 YEARS","2005-10-30","43","10180","83976348.0000","1.2122"
"5","30-49 YEARS","2005-11-06","44","9160","83976348.0000","1.0908"
"5","30-49 YEARS","2005-11-13","45","9080","83976348.0000","1.0813"
"5","30-49 YEARS","2005-11-20","46","8840","83976348.0000","1.0527"
"5","30-49 YEARS","2005-11-27","47","11400","83976348.0000","1.3575"
"5","30-49 YEARS","2005-12-04","48","11160","83976348.0000","1.3289"
"5","30-49 YEARS","2005-12-11","49","14560","83976348.0000","1.7338"
"5","30-49 YEARS","2005-12-18","50","18060","83976348.0000","2.1506"
"5","30-49 YEARS","2005-12-25","51","21480","83976348.0000","2.5579"
"5","30-49 YEARS","2006-01-01","52","19640","83976348.0000","2.3388"
"5","30-49 YEARS","2006-01-08","1","15000","83976348.0000","1.7862"
"5","30-49 YEARS","2006-01-15","2","14300","83976348.0000","1.7029"
"5","30-49 YEARS","2006-01-22","3","15420","83976348.0000","1.8362"
"5","30-49 YEARS","2006-01-29","4","16880","83976348.0000","2.0101"
"5","30-49 YEARS","2006-02-05","5","18620","83976348.0000","2.2173"
"5","30-49 YEARS","2006-02-12","6","22040","83976348.0000","2.6245"
"5","30-49 YEARS","2006-02-19","7","26940","83976348.0000","3.2080"
"5","30-49 YEARS","2006-02-26","8","27000","83976348.0000","3.2152"
"5","30-49 YEARS","2006-03-05","9","25060","83976348.0000","2.9842"
"5","30-49 YEARS","2006-03-12","10","21340","83976348.0000","2.5412"
"5","30-49 YEARS","2006-03-19","11","19000","83976348.0000","2.2625"
"5","30-49 YEARS","2006-03-26","12","16980","83976348.0000","2.0220"
"5","30-49 YEARS","2006-04-02","13","13480","83976348.0000","1.6052"
"5","30-49 YEARS","2006-04-09","14","10520","83976348.0000","1.2527"
"5","30-49 YEARS","2006-04-16","15","9560","83976348.0000","1.1384"
"5","30-49 YEARS","2006-04-23","16","7820","83976348.0000","0.9312"
"5","30-49 YEARS","2006-04-30","17","8000","83976348.0000","0.9526"
"5","30-49 YEARS","2006-05-07","18","7660","83976348.0000","0.9122"
"5","30-49 YEARS","2006-05-14","19","7440","83976348.0000","0.8860"
"5","30-49 YEARS","2006-05-21","20","7320","83976348.0000","0.8717"
"5","30-49 YEARS","2006-05-28","21","7040","83976348.0000","0.8383"
"5","30-49 YEARS","2006-06-04","22","6760","83976348.0000","0.8050"
"5","30-49 YEARS","2006-06-11","23","6600","83976348.0000","0.7859"
"5","30-49 YEARS","2006-06-18","24","5420","83976348.0000","0.6454"
"5","30-49 YEARS","2006-06-25","25","5100","83976348.0000","0.6073"
"5","30-49 YEARS","2006-07-02","26","6100","83976348.0000","0.7264"
"5","30-49 YEARS","2006-07-09","27","5940","83976348.0000","0.7073"
"5","30-49 YEARS","2006-07-16","28","5420","83976348.0000","0.6454"
"5","30-49 YEARS","2006-07-23","29","5940","83976348.0000","0.7073"
"5","30-49 YEARS","2006-07-30","30","5360","83976348.0000","0.6383"
"5","30-49 YEARS","2006-08-06","31","6060","83976348.0000","0.7216"
"5","30-49 YEARS","2006-08-13","32","6420","83976348.0000","0.7645"
"5","30-49 YEARS","2006-08-20","33","5380","83976348.0000","0.6407"
"5","30-49 YEARS","2006-08-27","34","6820","83976348.0000","0.8121"
"5","30-49 YEARS","2006-09-03","35","7100","83976348.0000","0.8455"
"5","30-49 YEARS","2006-09-10","36","7540","83976348.0000","0.8979"
"5","30-49 YEARS","2006-09-17","37","7240","83976348.0000","0.8621"
"5","30-49 YEARS","2006-09-24","38","7360","83976348.0000","0.8764"
"5","30-49 YEARS","2006-10-01","39","7480","83976348.0000","0.8907"
"5","30-49 YEARS","2006-10-08","40","7420","83976348.0000","0.8836"
"5","30-49 YEARS","2006-10-15","41","7380","83976348.0000","0.8788"
"5","30-49 YEARS","2006-10-22","42","7540","83976348.0000","0.8979"
"5","30-49 YEARS","2006-10-29","43","8920","83976348.0000","1.0622"
"5","30-49 YEARS","2006-11-05","44","9360","83976348.0000","1.1146"
"5","30-49 YEARS","2006-11-12","45","9480","83976348.0000","1.1289"
"5","30-49 YEARS","2006-11-19","46","11240","83976348.0000","1.3385"
"5","30-49 YEARS","2006-11-26","47","11300","83976348.0000","1.3456"
"5","30-49 YEARS","2006-12-03","48","10900","83976348.0000","1.2980"
"5","30-49 YEARS","2006-12-10","49","13080","83976348.0000","1.5576"
"5","30-49 YEARS","2006-12-17","50","15000","83976348.0000","1.7862"
"5","30-49 YEARS","2006-12-24","51","19760","83976348.0000","2.3530"
"5","30-49 YEARS","2006-12-31","52","17540","83976348.0000","2.0887"
"5","30-49 YEARS","2007-01-07","1","13380","83976348.0000","1.5933"
"5","30-49 YEARS","2007-01-14","2","12700","83976348.0000","1.5123"
"5","30-49 YEARS","2007-01-21","3","15460","83976348.0000","1.8410"
"5","30-49 YEARS","2007-01-28","4","19340","83976348.0000","2.3030"
"5","30-49 YEARS","2007-02-04","5","23480","83976348.0000","2.7960"
"5","30-49 YEARS","2007-02-11","6","24840","83976348.0000","2.9580"
"5","30-49 YEARS","2007-02-18","7","29760","83976348.0000","3.5439"
"5","30-49 YEARS","2007-02-25","8","24820","83976348.0000","2.9556"
"5","30-49 YEARS","2007-03-04","9","24900","83976348.0000","2.9651"
"5","30-49 YEARS","2007-03-11","10","23380","83976348.0000","2.7841"
"5","30-49 YEARS","2007-03-18","11","19860","83976348.0000","2.3650"
"5","30-49 YEARS","2007-03-25","12","17220","83976348.0000","2.0506"
"5","30-49 YEARS","2007-04-01","13","12360","83976348.0000","1.4718"
"5","30-49 YEARS","2007-04-08","14","11820","83976348.0000","1.4075"
"5","30-49 YEARS","2007-04-15","15","10900","83976348.0000","1.2980"
"5","30-49 YEARS","2007-04-22","16","9600","83976348.0000","1.1432"
"5","30-49 YEARS","2007-04-29","17","7940","83976348.0000","0.9455"
"5","30-49 YEARS","2007-05-06","18","7860","83976348.0000","0.9360"
"5","30-49 YEARS","2007-05-13","19","6660","83976348.0000","0.7931"
"5","30-49 YEARS","2007-05-20","20","7580","83976348.0000","0.9026"
"5","30-49 YEARS","2007-05-27","21","8720","83976348.0000","1.0384"
"5","30-49 YEARS","2007-06-03","22","7000","83976348.0000","0.8336"
"5","30-49 YEARS","2007-06-10","23","7320","83976348.0000","0.8717"
"5","30-49 YEARS","2007-06-17","24","6920","83976348.0000","0.8240"
"5","30-49 YEARS","2007-06-24","25","7500","83976348.0000","0.8931"
"5","30-49 YEARS","2007-07-01","26","6960","83976348.0000","0.8288"
"5","30-49 YEARS","2007-07-08","27","6660","83976348.0000","0.7931"
"5","30-49 YEARS","2007-07-15","28","7760","83976348.0000","0.9241"
"5","30-49 YEARS","2007-07-22","29","7600","83976348.0000","0.9050"
"5","30-49 YEARS","2007-07-29","30","7380","83976348.0000","0.8788"
"5","30-49 YEARS","2007-08-05","31","8460","83976348.0000","1.0074"
"5","30-49 YEARS","2007-08-12","32","7540","83976348.0000","0.8979"
"5","30-49 YEARS","2007-08-19","33","8220","83976348.0000","0.9788"
"5","30-49 YEARS","2007-08-26","34","7860","83976348.0000","0.9360"
"5","30-49 YEARS","2007-09-02","35","9520","83976348.0000","1.1337"
"5","30-49 YEARS","2007-09-09","36","9420","83976348.0000","1.1217"
"5","30-49 YEARS","2007-09-16","37","8980","83976348.0000","1.0693"
"5","30-49 YEARS","2007-09-23","38","10460","83976348.0000","1.2456"
"5","30-49 YEARS","2007-09-30","39","9500","83976348.0000","1.1313"
"5","30-49 YEARS","2007-10-07","40","10140","83976348.0000","1.2075"
"5","30-49 YEARS","2007-10-14","41","11700","83976348.0000","1.3932"
"5","30-49 YEARS","2007-10-21","42","10360","83976348.0000","1.2337"
"5","30-49 YEARS","2007-10-28","43","11320","83976348.0000","1.3480"
"5","30-49 YEARS","2007-11-04","44","11840","83976348.0000","1.4099"
"5","30-49 YEARS","2007-11-11","45","12840","83976348.0000","1.5290"
"5","30-49 YEARS","2007-11-18","46","11980","83976348.0000","1.4266"
"5","30-49 YEARS","2007-11-25","47","14020","83976348.0000","1.6695"
"5","30-49 YEARS","2007-12-02","48","13280","83976348.0000","1.5814"
"5","30-49 YEARS","2007-12-09","49","14160","83976348.0000","1.6862"
"5","30-49 YEARS","2007-12-16","50","17460","83976348.0000","2.0792"
"5","30-49 YEARS","2007-12-23","51","21940","83976348.0000","2.6126"
"5","30-49 YEARS","2007-12-30","52","26580","83976348.0000","3.1652"
"5","30-49 YEARS","2008-01-06","1","26120","83976348.0000","3.1104"
"5","30-49 YEARS","2008-01-13","2","31080","83976348.0000","3.7010"
"5","30-49 YEARS","2008-01-20","3","48500","83976348.0000","5.7754"
"5","30-49 YEARS","2008-01-27","4","73000","83976348.0000","8.6929"
"5","30-49 YEARS","2008-02-03","5","101380","83976348.0000","12.0724"
"5","30-49 YEARS","2008-02-10","6","105440","83976348.0000","12.5559"
"5","30-49 YEARS","2008-02-17","7","107680","83976348.0000","12.8227"
"5","30-49 YEARS","2008-02-24","8","94080","83976348.0000","11.2032"
"5","30-49 YEARS","2008-03-02","9","73660","83976348.0000","8.7715"
"5","30-49 YEARS","2008-03-09","10","59140","83976348.0000","7.0425"
"5","30-49 YEARS","2008-03-16","11","45800","83976348.0000","5.4539"
"5","30-49 YEARS","2008-03-23","12","36600","83976348.0000","4.3584"
"5","30-49 YEARS","2008-03-30","13","28980","83976348.0000","3.4510"
"5","30-49 YEARS","2008-04-06","14","21600","83976348.0000","2.5722"
"5","30-49 YEARS","2008-04-13","15","16760","83976348.0000","1.9958"
"5","30-49 YEARS","2008-04-20","16","14080","83976348.0000","1.6767"
"5","30-49 YEARS","2008-04-27","17","11720","83976348.0000","1.3956"
"5","30-49 YEARS","2008-05-04","18","10300","83976348.0000","1.2265"
"5","30-49 YEARS","2008-05-11","19","10640","83976348.0000","1.2670"
"5","30-49 YEARS","2008-05-18","20","10300","83976348.0000","1.2265"
"5","30-49 YEARS","2008-05-25","21","10760","83976348.0000","1.2813"
"5","30-49 YEARS","2008-06-01","22","9080","83976348.0000","1.0813"
"5","30-49 YEARS","2008-06-08","23","9180","83976348.0000","1.0932"
"5","30-49 YEARS","2008-06-15","24","9000","83976348.0000","1.0717"
"5","30-49 YEARS","2008-06-22","25","8360","83976348.0000","0.9955"
"5","30-49 YEARS","2008-06-29","26","7420","83976348.0000","0.8836"
"5","30-49 YEARS","2008-07-06","27","8220","83976348.0000","0.9788"
"5","30-49 YEARS","2008-07-13","28","7840","83976348.0000","0.9336"
"5","30-49 YEARS","2008-07-20","29","7780","83976348.0000","0.9265"
"5","30-49 YEARS","2008-07-27","30","7480","83976348.0000","0.8907"
"5","30-49 YEARS","2008-08-03","31","7140","83976348.0000","0.8502"
"5","30-49 YEARS","2008-08-10","32","8080","83976348.0000","0.9622"
"5","30-49 YEARS","2008-08-17","33","7800","83976348.0000","0.9288"
"5","30-49 YEARS","2008-08-24","34","8240","83976348.0000","0.9812"
"5","30-49 YEARS","2008-08-31","35","9360","83976348.0000","1.1146"
"5","30-49 YEARS","2008-09-07","36","8420","83976348.0000","1.0027"
"5","30-49 YEARS","2008-09-14","37","9520","83976348.0000","1.1337"
"5","30-49 YEARS","2008-09-21","38","10220","83976348.0000","1.2170"
"5","30-49 YEARS","2008-09-28","39","10100","83976348.0000","1.2027"
"5","30-49 YEARS","2008-10-05","40","10220","83976348.0000","1.2170"
"5","30-49 YEARS","2008-10-12","41","11200","83976348.0000","1.3337"
"5","30-49 YEARS","2008-10-19","42","11560","83976348.0000","1.3766"
"5","30-49 YEARS","2008-10-26","43","11920","83976348.0000","1.4194"
"5","30-49 YEARS","2008-11-02","44","12540","83976348.0000","1.4933"
"5","30-49 YEARS","2008-11-09","45","12860","83976348.0000","1.5314"
"5","30-49 YEARS","2008-11-16","46","12480","83976348.0000","1.4861"
"5","30-49 YEARS","2008-11-23","47","14260","83976348.0000","1.6981"
"5","30-49 YEARS","2008-11-30","48","15020","83976348.0000","1.7886"
"5","30-49 YEARS","2008-12-07","49","14980","83976348.0000","1.7838"
"5","30-49 YEARS","2008-12-14","50","14500","83976348.0000","1.7267"
"5","30-49 YEARS","2008-12-21","51","17760","83976348.0000","2.1149"
"5","30-49 YEARS","2008-12-28","52","19800","83976348.0000","2.3578"
"5","30-49 YEARS","2009-01-04","1","20120","83976348.0000","2.3959"
"5","30-49 YEARS","2009-01-11","2","17960","83976348.0000","2.1387"
"5","30-49 YEARS","2009-01-18","3","25120","83976348.0000","2.9913"
"5","30-49 YEARS","2009-01-25","4","29840","83976348.0000","3.5534"
"5","30-49 YEARS","2009-02-01","5","42600","83976348.0000","5.0729"
"5","30-49 YEARS","2009-02-08","6","47100","83976348.0000","5.6087"
"5","30-49 YEARS","2009-02-15","7","45700","83976348.0000","5.4420"
"5","30-49 YEARS","2009-02-22","8","52080","83976348.0000","6.2017"
"5","30-49 YEARS","2009-03-01","9","47080","83976348.0000","5.6063"
"5","30-49 YEARS","2009-03-08","10","41180","83976348.0000","4.9038"
"5","30-49 YEARS","2009-03-15","11","34340","83976348.0000","4.0892"
"5","30-49 YEARS","2009-03-22","12","28900","83976348.0000","3.4414"
"5","30-49 YEARS","2009-03-29","13","22540","83976348.0000","2.6841"
"5","30-49 YEARS","2009-04-05","14","19380","83976348.0000","2.3078"
"5","30-49 YEARS","2009-04-12","15","16840","83976348.0000","2.0053"
"5","30-49 YEARS","2009-04-19","16","17180","83976348.0000","2.0458"
"5","30-49 YEARS","2009-04-26","17","52660","83976348.0000","6.2708"
"5","30-49 YEARS","2009-05-03","18","42720","83976348.0000","5.0871"
"5","30-49 YEARS","2009-05-10","19","30740","83976348.0000","3.6606"
"5","30-49 YEARS","2009-05-17","20","29720","83976348.0000","3.5391"
"5","30-49 YEARS","2009-05-24","21","30840","83976348.0000","3.6725"
"5","30-49 YEARS","2009-05-31","22","27260","83976348.0000","3.2462"
"5","30-49 YEARS","2009-06-07","23","27520","83976348.0000","3.2771"
"5","30-49 YEARS","2009-06-14","24","31080","83976348.0000","3.7010"
"5","30-49 YEARS","2009-06-21","25","28940","83976348.0000","3.4462"
"5","30-49 YEARS","2009-06-28","26","26640","83976348.0000","3.1723"
"5","30-49 YEARS","2009-07-05","27","24500","83976348.0000","2.9175"
"5","30-49 YEARS","2009-07-12","28","22000","83976348.0000","2.6198"
"5","30-49 YEARS","2009-07-19","29","23140","83976348.0000","2.7555"
"5","30-49 YEARS","2009-07-26","30","23220","83976348.0000","2.7651"
"5","30-49 YEARS","2009-08-02","31","23100","83976348.0000","2.7508"
"5","30-49 YEARS","2009-08-09","32","24340","83976348.0000","2.8984"
"5","30-49 YEARS","2009-08-16","33","27000","83976348.0000","3.2152"
"5","30-49 YEARS","2009-08-23","34","33040","83976348.0000","3.9344"
"5","30-49 YEARS","2009-08-30","35","43320","83976348.0000","5.1586"
"5","30-49 YEARS","2009-09-06","36","57140","83976348.0000","6.8043"
"5","30-49 YEARS","2009-09-13","37","65980","83976348.0000","7.8570"
"5","30-49 YEARS","2009-09-20","38","76760","83976348.0000","9.1407"
"5","30-49 YEARS","2009-09-27","39","93740","83976348.0000","11.1627"
"5","30-49 YEARS","2009-10-04","40","117080","83976348.0000","13.9420"
"5","30-49 YEARS","2009-10-11","41","143280","83976348.0000","17.0619"
"5","30-49 YEARS","2009-10-18","42","161100","83976348.0000","19.1840"
"5","30-49 YEARS","2009-10-25","43","149100","83976348.0000","17.7550"
"5","30-49 YEARS","2009-11-01","44","132600","83976348.0000","15.7902"
"5","30-49 YEARS","2009-11-08","45","105200","83976348.0000","12.5273"
"5","30-49 YEARS","2009-11-15","46","78900","83976348.0000","9.3955"
"5","30-49 YEARS","2009-11-22","47","59580","83976348.0000","7.0949"
"5","30-49 YEARS","2009-11-29","48","53220","83976348.0000","6.3375"
"5","30-49 YEARS","2009-12-06","49","41240","83976348.0000","4.9109"
"5","30-49 YEARS","2009-12-13","50","37980","83976348.0000","4.5227"
"5","30-49 YEARS","2009-12-20","51","37680","83976348.0000","4.4870"
"5","30-49 YEARS","2009-12-27","52","42200","83976348.0000","5.0252"
"5","30-49 YEARS","2010-01-03","53","34800","83976348.0000","4.1440"
"5","30-49 YEARS","2010-01-10","1","31320","83976348.0000","3.7296"
"5","30-49 YEARS","2010-01-17","2","31300","83976348.0000","3.7272"
"5","30-49 YEARS","2010-01-24","3","29220","83976348.0000","3.4796"
"5","30-49 YEARS","2010-01-31","4","28580","83976348.0000","3.4033"
"5","30-49 YEARS","2010-02-07","5","29260","83976348.0000","3.4843"
"5","30-49 YEARS","2010-02-14","6","33120","83976348.0000","3.9440"
"5","30-49 YEARS","2010-02-21","7","31820","83976348.0000","3.7892"
"5","30-49 YEARS","2010-02-28","8","29880","83976348.0000","3.5581"
"5","30-49 YEARS","2010-03-07","9","31460","83976348.0000","3.7463"
"5","30-49 YEARS","2010-03-14","10","29360","83976348.0000","3.4962"
"5","30-49 YEARS","2010-03-21","11","26220","83976348.0000","3.1223"
"5","30-49 YEARS","2010-03-28","12","26980","83976348.0000","3.2128"
"5","30-49 YEARS","2010-04-04","13","29200","83976348.0000","3.4772"
"5","30-49 YEARS","2010-04-11","14","31000","83976348.0000","3.6915"
"5","30-49 YEARS","2010-04-18","15","31300","83976348.0000","3.7272"
"5","30-49 YEARS","2010-04-25","16","30160","83976348.0000","3.5915"
"5","30-49 YEARS","2010-05-02","17","31380","83976348.0000","3.7368"
"5","30-49 YEARS","2010-05-09","18","30080","83976348.0000","3.5820"
"5","30-49 YEARS","2010-05-16","19","30860","83976348.0000","3.6748"
"5","30-49 YEARS","2010-05-23","20","30320","83976348.0000","3.6105"
"5","30-49 YEARS","2010-05-30","21","31400","83976348.0000","3.7391"
"5","30-49 YEARS","2010-06-06","22","27560","83976348.0000","3.2819"
"5","30-49 YEARS","2010-06-13","23","26980","83976348.0000","3.2128"
"5","30-49 YEARS","2010-06-20","24","25040","83976348.0000","2.9818"
"5","30-49 YEARS","2010-06-27","25","14160","83976348.0000","1.6862"
